FREQ,Frequency,REF_AREA,Territory,DATA_TYPE_AGGR,Aggregate,VALUATION,Valuation (DESC),ADJUSTMENT,Adjustment (DESC),EDITION,Edition (DESC),TIME_PERIOD,Observation
A,Annual,IT,Italy,B1GQ_B_W2_S1,Gross domestic product at market prices,L_2020,Chain linked - reference year 2020,N,Raw data,2025M12,Dec-25,2010,1820930.4
A,Annual,IT,Italy,B1GQ_B_W2_S1,Gross domestic product at market prices,L_2020,Chain linked - reference year 2020,N,Raw data,2025M12,Dec-25,2011,1833594.3
A,Annual,IT,Italy,B1GQ_B_W2_S1,Gross domestic product at market prices,L_2020,Chain linked - reference year 2020,N,Raw data,2025M12,Dec-25,2012,1776290.1
A,Annual,IT,Italy,B1GQ_B_W2_S1,Gross domestic product at market prices,L_2020,Chain linked - reference year 2020,N,Raw data,2025M12,Dec-25,2013,1743996.7
A,Annual,IT,Italy,B1GQ_B_W2_S1,Gross domestic product at market prices,L_2020,Chain linked - reference year 2020,N,Raw data,2025M12,Dec-25,2014,1743972.5
A,Annual,IT,Italy,B1GQ_B_W2_S1,Gross domestic product at market prices,L_2020,Chain linked - reference year 2020,N,Raw data,2025M12,Dec-25,2015,1759418.3
A,Annual,IT,Italy,B1GQ_B_W2_S1,Gross domestic product at market prices,L_2020,Chain linked - reference year 2020,N,Raw data,2025M12,Dec-25,2016,1781168.6
A,Annual,IT,Italy,B1GQ_B_W2_S1,Gross domestic product at market prices,L_2020,Chain linked - reference year 2020,N,Raw data,2025M12,Dec-25,2017,1809733.2
A,Annual,IT,Italy,B1GQ_B_W2_S1,Gross domestic product at market prices,L_2020,Chain linked - reference year 2020,N,Raw data,2025M12,Dec-25,2018,1824693.3
A,Annual,IT,Italy,B1GQ_B_W2_S1,Gross domestic product at market prices,L_2020,Chain linked - reference year 2020,N,Raw data,2025M12,Dec-25,2019,1832524.2
A,Annual,IT,Italy,B1GQ_B_W2_S1,Gross domestic product at market prices,L_2020,Chain linked - reference year 2020,N,Raw data,2025M12,Dec-25,2020,1670011.9
A,Annual,IT,Italy,B1GQ_B_W2_S1,Gross domestic product at market prices,L_2020,Chain linked - reference year 2020,N,Raw data,2025M12,Dec-25,2021,1819161.7
A,Annual,IT,Italy,B1GQ_B_W2_S1,Gross domestic product at market prices,L_2020,Chain linked - reference year 2020,N,Raw data,2025M12,Dec-25,2022,1906866.7
A,Annual,IT,Italy,B1GQ_B_W2_S1,Gross domestic product at market prices,L_2020,Chain linked - reference year 2020,N,Raw data,2025M12,Dec-25,2023,1925471.9
A,Annual,IT,Italy,B1GQ_B_W2_S1,Gross domestic product at market prices,L_2020,Chain linked - reference year 2020,N,Raw data,2025M12,Dec-25,2024,1938809.1
A,Annual,ITC1,Piemonte,B1GQ_B_W2_S1,Gross domestic product at market prices,L_2020,Chain linked - reference year 2020,N,Raw data,2025M12,Dec-25,2010,138276.2
A,Annual,ITC1,Piemonte,B1GQ_B_W2_S1,Gross domestic product at market prices,L_2020,Chain linked - reference year 2020,N,Raw data,2025M12,Dec-25,2011,139833.2
A,Annual,ITC1,Piemonte,B1GQ_B_W2_S1,Gross domestic product at market prices,L_2020,Chain linked - reference year 2020,N,Raw data,2025M12,Dec-25,2012,132774
A,Annual,ITC1,Piemonte,B1GQ_B_W2_S1,Gross domestic product at market prices,L_2020,Chain linked - reference year 2020,N,Raw data,2025M12,Dec-25,2013,132507.3
A,Annual,ITC1,Piemonte,B1GQ_B_W2_S1,Gross domestic product at market prices,L_2020,Chain linked - reference year 2020,N,Raw data,2025M12,Dec-25,2014,131140.5
A,Annual,ITC1,Piemonte,B1GQ_B_W2_S1,Gross domestic product at market prices,L_2020,Chain linked - reference year 2020,N,Raw data,2025M12,Dec-25,2015,132573.6
A,Annual,ITC1,Piemonte,B1GQ_B_W2_S1,Gross domestic product at market prices,L_2020,Chain linked - reference year 2020,N,Raw data,2025M12,Dec-25,2016,134131.6
A,Annual,ITC1,Piemonte,B1GQ_B_W2_S1,Gross domestic product at market prices,L_2020,Chain linked - reference year 2020,N,Raw data,2025M12,Dec-25,2017,138049.3
A,Annual,ITC1,Piemonte,B1GQ_B_W2_S1,Gross domestic product at market prices,L_2020,Chain linked - reference year 2020,N,Raw data,2025M12,Dec-25,2018,139084
A,Annual,ITC1,Piemonte,B1GQ_B_W2_S1,Gross domestic product at market prices,L_2020,Chain linked - reference year 2020,N,Raw data,2025M12,Dec-25,2019,138296.6
A,Annual,ITC1,Piemonte,B1GQ_B_W2_S1,Gross domestic product at market prices,L_2020,Chain linked - reference year 2020,N,Raw data,2025M12,Dec-25,2020,124757
A,Annual,ITC1,Piemonte,B1GQ_B_W2_S1,Gross domestic product at market prices,L_2020,Chain linked - reference year 2020,N,Raw data,2025M12,Dec-25,2021,135915.4
A,Annual,ITC1,Piemonte,B1GQ_B_W2_S1,Gross domestic product at market prices,L_2020,Chain linked - reference year 2020,N,Raw data,2025M12,Dec-25,2022,140806.1
A,Annual,ITC1,Piemonte,B1GQ_B_W2_S1,Gross domestic product at market prices,L_2020,Chain linked - reference year 2020,N,Raw data,2025M12,Dec-25,2023,143347.7
A,Annual,ITC1,Piemonte,B1GQ_B_W2_S1,Gross domestic product at market prices,L_2020,Chain linked - reference year 2020,N,Raw data,2025M12,Dec-25,2024,144948.8
A,Annual,ITC2,"'Valle d""'Aosta / Vallée d""'Aoste'",B1GQ_B_W2_S1,Gross domestic product at market prices,L_2020,Chain linked - reference year 2020,N,Raw data,2025M12,Dec-25,2010,5367.6
A,Annual,ITC2,"'Valle d""'Aosta / Vallée d""'Aoste'",B1GQ_B_W2_S1,Gross domestic product at market prices,L_2020,Chain linked - reference year 2020,N,Raw data,2025M12,Dec-25,2011,5343.3
A,Annual,ITC2,"'Valle d""'Aosta / Vallée d""'Aoste'",B1GQ_B_W2_S1,Gross domestic product at market prices,L_2020,Chain linked - reference year 2020,N,Raw data,2025M12,Dec-25,2012,5289.8
A,Annual,ITC2,"'Valle d""'Aosta / Vallée d""'Aoste'",B1GQ_B_W2_S1,Gross domestic product at market prices,L_2020,Chain linked - reference year 2020,N,Raw data,2025M12,Dec-25,2013,5018.6
A,Annual,ITC2,"'Valle d""'Aosta / Vallée d""'Aoste'",B1GQ_B_W2_S1,Gross domestic product at market prices,L_2020,Chain linked - reference year 2020,N,Raw data,2025M12,Dec-25,2014,4913.6
A,Annual,ITC2,"'Valle d""'Aosta / Vallée d""'Aoste'",B1GQ_B_W2_S1,Gross domestic product at market prices,L_2020,Chain linked - reference year 2020,N,Raw data,2025M12,Dec-25,2015,4863.1
A,Annual,ITC2,"'Valle d""'Aosta / Vallée d""'Aoste'",B1GQ_B_W2_S1,Gross domestic product at market prices,L_2020,Chain linked - reference year 2020,N,Raw data,2025M12,Dec-25,2016,4750.9
A,Annual,ITC2,"'Valle d""'Aosta / Vallée d""'Aoste'",B1GQ_B_W2_S1,Gross domestic product at market prices,L_2020,Chain linked - reference year 2020,N,Raw data,2025M12,Dec-25,2017,4870.9
A,Annual,ITC2,"'Valle d""'Aosta / Vallée d""'Aoste'",B1GQ_B_W2_S1,Gross domestic product at market prices,L_2020,Chain linked - reference year 2020,N,Raw data,2025M12,Dec-25,2018,4909
A,Annual,ITC2,"'Valle d""'Aosta / Vallée d""'Aoste'",B1GQ_B_W2_S1,Gross domestic product at market prices,L_2020,Chain linked - reference year 2020,N,Raw data,2025M12,Dec-25,2019,4894.3
A,Annual,ITC2,"'Valle d""'Aosta / Vallée d""'Aoste'",B1GQ_B_W2_S1,Gross domestic product at market prices,L_2020,Chain linked - reference year 2020,N,Raw data,2025M12,Dec-25,2020,4437.1
A,Annual,ITC2,"'Valle d""'Aosta / Vallée d""'Aoste'",B1GQ_B_W2_S1,Gross domestic product at market prices,L_2020,Chain linked - reference year 2020,N,Raw data,2025M12,Dec-25,2021,4704.9
A,Annual,ITC2,"'Valle d""'Aosta / Vallée d""'Aoste'",B1GQ_B_W2_S1,Gross domestic product at market prices,L_2020,Chain linked - reference year 2020,N,Raw data,2025M12,Dec-25,2022,4942
A,Annual,ITC2,"'Valle d""'Aosta / Vallée d""'Aoste'",B1GQ_B_W2_S1,Gross domestic product at market prices,L_2020,Chain linked - reference year 2020,N,Raw data,2025M12,Dec-25,2023,4996.1
A,Annual,ITC2,"'Valle d""'Aosta / Vallée d""'Aoste'",B1GQ_B_W2_S1,Gross domestic product at market prices,L_2020,Chain linked - reference year 2020,N,Raw data,2025M12,Dec-25,2024,5052.3
A,Annual,ITC3,Liguria,B1GQ_B_W2_S1,Gross domestic product at market prices,L_2020,Chain linked - reference year 2020,N,Raw data,2025M12,Dec-25,2010,53114.6
A,Annual,ITC3,Liguria,B1GQ_B_W2_S1,Gross domestic product at market prices,L_2020,Chain linked - reference year 2020,N,Raw data,2025M12,Dec-25,2011,53369.3
A,Annual,ITC3,Liguria,B1GQ_B_W2_S1,Gross domestic product at market prices,L_2020,Chain linked - reference year 2020,N,Raw data,2025M12,Dec-25,2012,51425.1
A,Annual,ITC3,Liguria,B1GQ_B_W2_S1,Gross domestic product at market prices,L_2020,Chain linked - reference year 2020,N,Raw data,2025M12,Dec-25,2013,49761.1
A,Annual,ITC3,Liguria,B1GQ_B_W2_S1,Gross domestic product at market prices,L_2020,Chain linked - reference year 2020,N,Raw data,2025M12,Dec-25,2014,50059
A,Annual,ITC3,Liguria,B1GQ_B_W2_S1,Gross domestic product at market prices,L_2020,Chain linked - reference year 2020,N,Raw data,2025M12,Dec-25,2015,49986.7
A,Annual,ITC3,Liguria,B1GQ_B_W2_S1,Gross domestic product at market prices,L_2020,Chain linked - reference year 2020,N,Raw data,2025M12,Dec-25,2016,50212.4
A,Annual,ITC3,Liguria,B1GQ_B_W2_S1,Gross domestic product at market prices,L_2020,Chain linked - reference year 2020,N,Raw data,2025M12,Dec-25,2017,50872.1
A,Annual,ITC3,Liguria,B1GQ_B_W2_S1,Gross domestic product at market prices,L_2020,Chain linked - reference year 2020,N,Raw data,2025M12,Dec-25,2018,50496.5
A,Annual,ITC3,Liguria,B1GQ_B_W2_S1,Gross domestic product at market prices,L_2020,Chain linked - reference year 2020,N,Raw data,2025M12,Dec-25,2019,50552.1
A,Annual,ITC3,Liguria,B1GQ_B_W2_S1,Gross domestic product at market prices,L_2020,Chain linked - reference year 2020,N,Raw data,2025M12,Dec-25,2020,44959.6
A,Annual,ITC3,Liguria,B1GQ_B_W2_S1,Gross domestic product at market prices,L_2020,Chain linked - reference year 2020,N,Raw data,2025M12,Dec-25,2021,48537.4
A,Annual,ITC3,Liguria,B1GQ_B_W2_S1,Gross domestic product at market prices,L_2020,Chain linked - reference year 2020,N,Raw data,2025M12,Dec-25,2022,50256.8
A,Annual,ITC3,Liguria,B1GQ_B_W2_S1,Gross domestic product at market prices,L_2020,Chain linked - reference year 2020,N,Raw data,2025M12,Dec-25,2023,52307
A,Annual,ITC3,Liguria,B1GQ_B_W2_S1,Gross domestic product at market prices,L_2020,Chain linked - reference year 2020,N,Raw data,2025M12,Dec-25,2024,51795.4
A,Annual,ITC4,Lombardia,B1GQ_B_W2_S1,Gross domestic product at market prices,L_2020,Chain linked - reference year 2020,N,Raw data,2025M12,Dec-25,2010,400195.6
A,Annual,ITC4,Lombardia,B1GQ_B_W2_S1,Gross domestic product at market prices,L_2020,Chain linked - reference year 2020,N,Raw data,2025M12,Dec-25,2011,402677
A,Annual,ITC4,Lombardia,B1GQ_B_W2_S1,Gross domestic product at market prices,L_2020,Chain linked - reference year 2020,N,Raw data,2025M12,Dec-25,2012,390277.3
A,Annual,ITC4,Lombardia,B1GQ_B_W2_S1,Gross domestic product at market prices,L_2020,Chain linked - reference year 2020,N,Raw data,2025M12,Dec-25,2013,382129.3
A,Annual,ITC4,Lombardia,B1GQ_B_W2_S1,Gross domestic product at market prices,L_2020,Chain linked - reference year 2020,N,Raw data,2025M12,Dec-25,2014,384761.1
A,Annual,ITC4,Lombardia,B1GQ_B_W2_S1,Gross domestic product at market prices,L_2020,Chain linked - reference year 2020,N,Raw data,2025M12,Dec-25,2015,389042.7
A,Annual,ITC4,Lombardia,B1GQ_B_W2_S1,Gross domestic product at market prices,L_2020,Chain linked - reference year 2020,N,Raw data,2025M12,Dec-25,2016,395615.9
A,Annual,ITC4,Lombardia,B1GQ_B_W2_S1,Gross domestic product at market prices,L_2020,Chain linked - reference year 2020,N,Raw data,2025M12,Dec-25,2017,403930.1
A,Annual,ITC4,Lombardia,B1GQ_B_W2_S1,Gross domestic product at market prices,L_2020,Chain linked - reference year 2020,N,Raw data,2025M12,Dec-25,2018,410264.4
A,Annual,ITC4,Lombardia,B1GQ_B_W2_S1,Gross domestic product at market prices,L_2020,Chain linked - reference year 2020,N,Raw data,2025M12,Dec-25,2019,410719.4
A,Annual,ITC4,Lombardia,B1GQ_B_W2_S1,Gross domestic product at market prices,L_2020,Chain linked - reference year 2020,N,Raw data,2025M12,Dec-25,2020,380035.5
A,Annual,ITC4,Lombardia,B1GQ_B_W2_S1,Gross domestic product at market prices,L_2020,Chain linked - reference year 2020,N,Raw data,2025M12,Dec-25,2021,419993.6
A,Annual,ITC4,Lombardia,B1GQ_B_W2_S1,Gross domestic product at market prices,L_2020,Chain linked - reference year 2020,N,Raw data,2025M12,Dec-25,2022,437951.5
A,Annual,ITC4,Lombardia,B1GQ_B_W2_S1,Gross domestic product at market prices,L_2020,Chain linked - reference year 2020,N,Raw data,2025M12,Dec-25,2023,439543.8
A,Annual,ITC4,Lombardia,B1GQ_B_W2_S1,Gross domestic product at market prices,L_2020,Chain linked - reference year 2020,N,Raw data,2025M12,Dec-25,2024,444662.6
A,Annual,ITDA,Trentino Alto Adige / Südtirol,B1GQ_B_W2_S1,Gross domestic product at market prices,L_2020,Chain linked - reference year 2020,N,Raw data,2025M12,Dec-25,2010,43350.9
A,Annual,ITDA,Trentino Alto Adige / Südtirol,B1GQ_B_W2_S1,Gross domestic product at market prices,L_2020,Chain linked - reference year 2020,N,Raw data,2025M12,Dec-25,2011,43990.2
A,Annual,ITDA,Trentino Alto Adige / Südtirol,B1GQ_B_W2_S1,Gross domestic product at market prices,L_2020,Chain linked - reference year 2020,N,Raw data,2025M12,Dec-25,2012,44218.3
A,Annual,ITDA,Trentino Alto Adige / Südtirol,B1GQ_B_W2_S1,Gross domestic product at market prices,L_2020,Chain linked - reference year 2020,N,Raw data,2025M12,Dec-25,2013,44298.9
A,Annual,ITDA,Trentino Alto Adige / Südtirol,B1GQ_B_W2_S1,Gross domestic product at market prices,L_2020,Chain linked - reference year 2020,N,Raw data,2025M12,Dec-25,2014,44467.4
A,Annual,ITDA,Trentino Alto Adige / Südtirol,B1GQ_B_W2_S1,Gross domestic product at market prices,L_2020,Chain linked - reference year 2020,N,Raw data,2025M12,Dec-25,2015,44814.8
A,Annual,ITDA,Trentino Alto Adige / Südtirol,B1GQ_B_W2_S1,Gross domestic product at market prices,L_2020,Chain linked - reference year 2020,N,Raw data,2025M12,Dec-25,2016,45395
A,Annual,ITDA,Trentino Alto Adige / Südtirol,B1GQ_B_W2_S1,Gross domestic product at market prices,L_2020,Chain linked - reference year 2020,N,Raw data,2025M12,Dec-25,2017,46113.7
A,Annual,ITDA,Trentino Alto Adige / Südtirol,B1GQ_B_W2_S1,Gross domestic product at market prices,L_2020,Chain linked - reference year 2020,N,Raw data,2025M12,Dec-25,2018,47564.1
A,Annual,ITDA,Trentino Alto Adige / Südtirol,B1GQ_B_W2_S1,Gross domestic product at market prices,L_2020,Chain linked - reference year 2020,N,Raw data,2025M12,Dec-25,2019,48184.4
A,Annual,ITDA,Trentino Alto Adige / Südtirol,B1GQ_B_W2_S1,Gross domestic product at market prices,L_2020,Chain linked - reference year 2020,N,Raw data,2025M12,Dec-25,2020,44161.2
A,Annual,ITDA,Trentino Alto Adige / Südtirol,B1GQ_B_W2_S1,Gross domestic product at market prices,L_2020,Chain linked - reference year 2020,N,Raw data,2025M12,Dec-25,2021,47131.9
A,Annual,ITDA,Trentino Alto Adige / Südtirol,B1GQ_B_W2_S1,Gross domestic product at market prices,L_2020,Chain linked - reference year 2020,N,Raw data,2025M12,Dec-25,2022,49942.2
A,Annual,ITDA,Trentino Alto Adige / Südtirol,B1GQ_B_W2_S1,Gross domestic product at market prices,L_2020,Chain linked - reference year 2020,N,Raw data,2025M12,Dec-25,2023,50782
A,Annual,ITDA,Trentino Alto Adige / Südtirol,B1GQ_B_W2_S1,Gross domestic product at market prices,L_2020,Chain linked - reference year 2020,N,Raw data,2025M12,Dec-25,2024,50636
A,Annual,ITD1,Provincia Autonoma Bolzano / Bozen,B1GQ_B_W2_S1,Gross domestic product at market prices,L_2020,Chain linked - reference year 2020,N,Raw data,2025M12,Dec-25,2010,23308.4
A,Annual,ITD1,Provincia Autonoma Bolzano / Bozen,B1GQ_B_W2_S1,Gross domestic product at market prices,L_2020,Chain linked - reference year 2020,N,Raw data,2025M12,Dec-25,2011,23851.6
A,Annual,ITD1,Provincia Autonoma Bolzano / Bozen,B1GQ_B_W2_S1,Gross domestic product at market prices,L_2020,Chain linked - reference year 2020,N,Raw data,2025M12,Dec-25,2012,24298.5
A,Annual,ITD1,Provincia Autonoma Bolzano / Bozen,B1GQ_B_W2_S1,Gross domestic product at market prices,L_2020,Chain linked - reference year 2020,N,Raw data,2025M12,Dec-25,2013,24284.7
A,Annual,ITD1,Provincia Autonoma Bolzano / Bozen,B1GQ_B_W2_S1,Gross domestic product at market prices,L_2020,Chain linked - reference year 2020,N,Raw data,2025M12,Dec-25,2014,24447.3
A,Annual,ITD1,Provincia Autonoma Bolzano / Bozen,B1GQ_B_W2_S1,Gross domestic product at market prices,L_2020,Chain linked - reference year 2020,N,Raw data,2025M12,Dec-25,2015,24925.3
A,Annual,ITD1,Provincia Autonoma Bolzano / Bozen,B1GQ_B_W2_S1,Gross domestic product at market prices,L_2020,Chain linked - reference year 2020,N,Raw data,2025M12,Dec-25,2016,25149.5
A,Annual,ITD1,Provincia Autonoma Bolzano / Bozen,B1GQ_B_W2_S1,Gross domestic product at market prices,L_2020,Chain linked - reference year 2020,N,Raw data,2025M12,Dec-25,2017,25601
A,Annual,ITD1,Provincia Autonoma Bolzano / Bozen,B1GQ_B_W2_S1,Gross domestic product at market prices,L_2020,Chain linked - reference year 2020,N,Raw data,2025M12,Dec-25,2018,26455.6
A,Annual,ITD1,Provincia Autonoma Bolzano / Bozen,B1GQ_B_W2_S1,Gross domestic product at market prices,L_2020,Chain linked - reference year 2020,N,Raw data,2025M12,Dec-25,2019,26767.6
A,Annual,ITD1,Provincia Autonoma Bolzano / Bozen,B1GQ_B_W2_S1,Gross domestic product at market prices,L_2020,Chain linked - reference year 2020,N,Raw data,2025M12,Dec-25,2020,24398.5
A,Annual,ITD1,Provincia Autonoma Bolzano / Bozen,B1GQ_B_W2_S1,Gross domestic product at market prices,L_2020,Chain linked - reference year 2020,N,Raw data,2025M12,Dec-25,2021,25988.2
A,Annual,ITD1,Provincia Autonoma Bolzano / Bozen,B1GQ_B_W2_S1,Gross domestic product at market prices,L_2020,Chain linked - reference year 2020,N,Raw data,2025M12,Dec-25,2022,27637.1
A,Annual,ITD1,Provincia Autonoma Bolzano / Bozen,B1GQ_B_W2_S1,Gross domestic product at market prices,L_2020,Chain linked - reference year 2020,N,Raw data,2025M12,Dec-25,2023,28390.7
A,Annual,ITD1,Provincia Autonoma Bolzano / Bozen,B1GQ_B_W2_S1,Gross domestic product at market prices,L_2020,Chain linked - reference year 2020,N,Raw data,2025M12,Dec-25,2024,28129.3
A,Annual,ITD2,Provincia Autonoma Trento,B1GQ_B_W2_S1,Gross domestic product at market prices,L_2020,Chain linked - reference year 2020,N,Raw data,2025M12,Dec-25,2010,20015.1
A,Annual,ITD2,Provincia Autonoma Trento,B1GQ_B_W2_S1,Gross domestic product at market prices,L_2020,Chain linked - reference year 2020,N,Raw data,2025M12,Dec-25,2011,20118.8
A,Annual,ITD2,Provincia Autonoma Trento,B1GQ_B_W2_S1,Gross domestic product at market prices,L_2020,Chain linked - reference year 2020,N,Raw data,2025M12,Dec-25,2012,19912.8
A,Annual,ITD2,Provincia Autonoma Trento,B1GQ_B_W2_S1,Gross domestic product at market prices,L_2020,Chain linked - reference year 2020,N,Raw data,2025M12,Dec-25,2013,20005.3
A,Annual,ITD2,Provincia Autonoma Trento,B1GQ_B_W2_S1,Gross domestic product at market prices,L_2020,Chain linked - reference year 2020,N,Raw data,2025M12,Dec-25,2014,20013.9
A,Annual,ITD2,Provincia Autonoma Trento,B1GQ_B_W2_S1,Gross domestic product at market prices,L_2020,Chain linked - reference year 2020,N,Raw data,2025M12,Dec-25,2015,19892.4
A,Annual,ITD2,Provincia Autonoma Trento,B1GQ_B_W2_S1,Gross domestic product at market prices,L_2020,Chain linked - reference year 2020,N,Raw data,2025M12,Dec-25,2016,20245
A,Annual,ITD2,Provincia Autonoma Trento,B1GQ_B_W2_S1,Gross domestic product at market prices,L_2020,Chain linked - reference year 2020,N,Raw data,2025M12,Dec-25,2017,20513.1
A,Annual,ITD2,Provincia Autonoma Trento,B1GQ_B_W2_S1,Gross domestic product at market prices,L_2020,Chain linked - reference year 2020,N,Raw data,2025M12,Dec-25,2018,21109.3
A,Annual,ITD2,Provincia Autonoma Trento,B1GQ_B_W2_S1,Gross domestic product at market prices,L_2020,Chain linked - reference year 2020,N,Raw data,2025M12,Dec-25,2019,21417.4
A,Annual,ITD2,Provincia Autonoma Trento,B1GQ_B_W2_S1,Gross domestic product at market prices,L_2020,Chain linked - reference year 2020,N,Raw data,2025M12,Dec-25,2020,19762.6
A,Annual,ITD2,Provincia Autonoma Trento,B1GQ_B_W2_S1,Gross domestic product at market prices,L_2020,Chain linked - reference year 2020,N,Raw data,2025M12,Dec-25,2021,21143.7
A,Annual,ITD2,Provincia Autonoma Trento,B1GQ_B_W2_S1,Gross domestic product at market prices,L_2020,Chain linked - reference year 2020,N,Raw data,2025M12,Dec-25,2022,22303.7
A,Annual,ITD2,Provincia Autonoma Trento,B1GQ_B_W2_S1,Gross domestic product at market prices,L_2020,Chain linked - reference year 2020,N,Raw data,2025M12,Dec-25,2023,22385.8
A,Annual,ITD2,Provincia Autonoma Trento,B1GQ_B_W2_S1,Gross domestic product at market prices,L_2020,Chain linked - reference year 2020,N,Raw data,2025M12,Dec-25,2024,22505.1
A,Annual,ITD3,Veneto,B1GQ_B_W2_S1,Gross domestic product at market prices,L_2020,Chain linked - reference year 2020,N,Raw data,2025M12,Dec-25,2010,163024
A,Annual,ITD3,Veneto,B1GQ_B_W2_S1,Gross domestic product at market prices,L_2020,Chain linked - reference year 2020,N,Raw data,2025M12,Dec-25,2011,165858.9
A,Annual,ITD3,Veneto,B1GQ_B_W2_S1,Gross domestic product at market prices,L_2020,Chain linked - reference year 2020,N,Raw data,2025M12,Dec-25,2012,160434.5
A,Annual,ITD3,Veneto,B1GQ_B_W2_S1,Gross domestic product at market prices,L_2020,Chain linked - reference year 2020,N,Raw data,2025M12,Dec-25,2013,158966.4
A,Annual,ITD3,Veneto,B1GQ_B_W2_S1,Gross domestic product at market prices,L_2020,Chain linked - reference year 2020,N,Raw data,2025M12,Dec-25,2014,159613
A,Annual,ITD3,Veneto,B1GQ_B_W2_S1,Gross domestic product at market prices,L_2020,Chain linked - reference year 2020,N,Raw data,2025M12,Dec-25,2015,161434.9
A,Annual,ITD3,Veneto,B1GQ_B_W2_S1,Gross domestic product at market prices,L_2020,Chain linked - reference year 2020,N,Raw data,2025M12,Dec-25,2016,164149.1
A,Annual,ITD3,Veneto,B1GQ_B_W2_S1,Gross domestic product at market prices,L_2020,Chain linked - reference year 2020,N,Raw data,2025M12,Dec-25,2017,167558
A,Annual,ITD3,Veneto,B1GQ_B_W2_S1,Gross domestic product at market prices,L_2020,Chain linked - reference year 2020,N,Raw data,2025M12,Dec-25,2018,168991.9
A,Annual,ITD3,Veneto,B1GQ_B_W2_S1,Gross domestic product at market prices,L_2020,Chain linked - reference year 2020,N,Raw data,2025M12,Dec-25,2019,170186
A,Annual,ITD3,Veneto,B1GQ_B_W2_S1,Gross domestic product at market prices,L_2020,Chain linked - reference year 2020,N,Raw data,2025M12,Dec-25,2020,153519.2
A,Annual,ITD3,Veneto,B1GQ_B_W2_S1,Gross domestic product at market prices,L_2020,Chain linked - reference year 2020,N,Raw data,2025M12,Dec-25,2021,167907
A,Annual,ITD3,Veneto,B1GQ_B_W2_S1,Gross domestic product at market prices,L_2020,Chain linked - reference year 2020,N,Raw data,2025M12,Dec-25,2022,176022.3
A,Annual,ITD3,Veneto,B1GQ_B_W2_S1,Gross domestic product at market prices,L_2020,Chain linked - reference year 2020,N,Raw data,2025M12,Dec-25,2023,176910.2
A,Annual,ITD3,Veneto,B1GQ_B_W2_S1,Gross domestic product at market prices,L_2020,Chain linked - reference year 2020,N,Raw data,2025M12,Dec-25,2024,176774.4
A,Annual,ITD4,Friuli-Venezia Giulia,B1GQ_B_W2_S1,Gross domestic product at market prices,L_2020,Chain linked - reference year 2020,N,Raw data,2025M12,Dec-25,2010,39289.9
A,Annual,ITD4,Friuli-Venezia Giulia,B1GQ_B_W2_S1,Gross domestic product at market prices,L_2020,Chain linked - reference year 2020,N,Raw data,2025M12,Dec-25,2011,39378.5
A,Annual,ITD4,Friuli-Venezia Giulia,B1GQ_B_W2_S1,Gross domestic product at market prices,L_2020,Chain linked - reference year 2020,N,Raw data,2025M12,Dec-25,2012,37523.8
A,Annual,ITD4,Friuli-Venezia Giulia,B1GQ_B_W2_S1,Gross domestic product at market prices,L_2020,Chain linked - reference year 2020,N,Raw data,2025M12,Dec-25,2013,37555.4
A,Annual,ITD4,Friuli-Venezia Giulia,B1GQ_B_W2_S1,Gross domestic product at market prices,L_2020,Chain linked - reference year 2020,N,Raw data,2025M12,Dec-25,2014,37428.6
A,Annual,ITD4,Friuli-Venezia Giulia,B1GQ_B_W2_S1,Gross domestic product at market prices,L_2020,Chain linked - reference year 2020,N,Raw data,2025M12,Dec-25,2015,38206.4
A,Annual,ITD4,Friuli-Venezia Giulia,B1GQ_B_W2_S1,Gross domestic product at market prices,L_2020,Chain linked - reference year 2020,N,Raw data,2025M12,Dec-25,2016,38053.1
A,Annual,ITD4,Friuli-Venezia Giulia,B1GQ_B_W2_S1,Gross domestic product at market prices,L_2020,Chain linked - reference year 2020,N,Raw data,2025M12,Dec-25,2017,38682.8
A,Annual,ITD4,Friuli-Venezia Giulia,B1GQ_B_W2_S1,Gross domestic product at market prices,L_2020,Chain linked - reference year 2020,N,Raw data,2025M12,Dec-25,2018,39197.5
A,Annual,ITD4,Friuli-Venezia Giulia,B1GQ_B_W2_S1,Gross domestic product at market prices,L_2020,Chain linked - reference year 2020,N,Raw data,2025M12,Dec-25,2019,39629.5
A,Annual,ITD4,Friuli-Venezia Giulia,B1GQ_B_W2_S1,Gross domestic product at market prices,L_2020,Chain linked - reference year 2020,N,Raw data,2025M12,Dec-25,2020,36404.7
A,Annual,ITD4,Friuli-Venezia Giulia,B1GQ_B_W2_S1,Gross domestic product at market prices,L_2020,Chain linked - reference year 2020,N,Raw data,2025M12,Dec-25,2021,39768.6
A,Annual,ITD4,Friuli-Venezia Giulia,B1GQ_B_W2_S1,Gross domestic product at market prices,L_2020,Chain linked - reference year 2020,N,Raw data,2025M12,Dec-25,2022,40441.2
A,Annual,ITD4,Friuli-Venezia Giulia,B1GQ_B_W2_S1,Gross domestic product at market prices,L_2020,Chain linked - reference year 2020,N,Raw data,2025M12,Dec-25,2023,40241.7
A,Annual,ITD4,Friuli-Venezia Giulia,B1GQ_B_W2_S1,Gross domestic product at market prices,L_2020,Chain linked - reference year 2020,N,Raw data,2025M12,Dec-25,2024,40647.3
A,Annual,ITD5,Emilia-Romagna,B1GQ_B_W2_S1,Gross domestic product at market prices,L_2020,Chain linked - reference year 2020,N,Raw data,2025M12,Dec-25,2010,157161.1
A,Annual,ITD5,Emilia-Romagna,B1GQ_B_W2_S1,Gross domestic product at market prices,L_2020,Chain linked - reference year 2020,N,Raw data,2025M12,Dec-25,2011,161403.5
A,Annual,ITD5,Emilia-Romagna,B1GQ_B_W2_S1,Gross domestic product at market prices,L_2020,Chain linked - reference year 2020,N,Raw data,2025M12,Dec-25,2012,156567.7
A,Annual,ITD5,Emilia-Romagna,B1GQ_B_W2_S1,Gross domestic product at market prices,L_2020,Chain linked - reference year 2020,N,Raw data,2025M12,Dec-25,2013,155426.3
A,Annual,ITD5,Emilia-Romagna,B1GQ_B_W2_S1,Gross domestic product at market prices,L_2020,Chain linked - reference year 2020,N,Raw data,2025M12,Dec-25,2014,156945.1
A,Annual,ITD5,Emilia-Romagna,B1GQ_B_W2_S1,Gross domestic product at market prices,L_2020,Chain linked - reference year 2020,N,Raw data,2025M12,Dec-25,2015,157614
A,Annual,ITD5,Emilia-Romagna,B1GQ_B_W2_S1,Gross domestic product at market prices,L_2020,Chain linked - reference year 2020,N,Raw data,2025M12,Dec-25,2016,160432.5
A,Annual,ITD5,Emilia-Romagna,B1GQ_B_W2_S1,Gross domestic product at market prices,L_2020,Chain linked - reference year 2020,N,Raw data,2025M12,Dec-25,2017,164087.2
A,Annual,ITD5,Emilia-Romagna,B1GQ_B_W2_S1,Gross domestic product at market prices,L_2020,Chain linked - reference year 2020,N,Raw data,2025M12,Dec-25,2018,166255
A,Annual,ITD5,Emilia-Romagna,B1GQ_B_W2_S1,Gross domestic product at market prices,L_2020,Chain linked - reference year 2020,N,Raw data,2025M12,Dec-25,2019,166083.7
A,Annual,ITD5,Emilia-Romagna,B1GQ_B_W2_S1,Gross domestic product at market prices,L_2020,Chain linked - reference year 2020,N,Raw data,2025M12,Dec-25,2020,152164.3
A,Annual,ITD5,Emilia-Romagna,B1GQ_B_W2_S1,Gross domestic product at market prices,L_2020,Chain linked - reference year 2020,N,Raw data,2025M12,Dec-25,2021,167555.7
A,Annual,ITD5,Emilia-Romagna,B1GQ_B_W2_S1,Gross domestic product at market prices,L_2020,Chain linked - reference year 2020,N,Raw data,2025M12,Dec-25,2022,173785.7
A,Annual,ITD5,Emilia-Romagna,B1GQ_B_W2_S1,Gross domestic product at market prices,L_2020,Chain linked - reference year 2020,N,Raw data,2025M12,Dec-25,2023,174480.6
A,Annual,ITD5,Emilia-Romagna,B1GQ_B_W2_S1,Gross domestic product at market prices,L_2020,Chain linked - reference year 2020,N,Raw data,2025M12,Dec-25,2024,174896.3
A,Annual,ITE1,Toscana,B1GQ_B_W2_S1,Gross domestic product at market prices,L_2020,Chain linked - reference year 2020,N,Raw data,2025M12,Dec-25,2010,119943.5
A,Annual,ITE1,Toscana,B1GQ_B_W2_S1,Gross domestic product at market prices,L_2020,Chain linked - reference year 2020,N,Raw data,2025M12,Dec-25,2011,120972
A,Annual,ITE1,Toscana,B1GQ_B_W2_S1,Gross domestic product at market prices,L_2020,Chain linked - reference year 2020,N,Raw data,2025M12,Dec-25,2012,118657.6
A,Annual,ITE1,Toscana,B1GQ_B_W2_S1,Gross domestic product at market prices,L_2020,Chain linked - reference year 2020,N,Raw data,2025M12,Dec-25,2013,116353.8
A,Annual,ITE1,Toscana,B1GQ_B_W2_S1,Gross domestic product at market prices,L_2020,Chain linked - reference year 2020,N,Raw data,2025M12,Dec-25,2014,117402.2
A,Annual,ITE1,Toscana,B1GQ_B_W2_S1,Gross domestic product at market prices,L_2020,Chain linked - reference year 2020,N,Raw data,2025M12,Dec-25,2015,117363.3
A,Annual,ITE1,Toscana,B1GQ_B_W2_S1,Gross domestic product at market prices,L_2020,Chain linked - reference year 2020,N,Raw data,2025M12,Dec-25,2016,118124.5
A,Annual,ITE1,Toscana,B1GQ_B_W2_S1,Gross domestic product at market prices,L_2020,Chain linked - reference year 2020,N,Raw data,2025M12,Dec-25,2017,119862
A,Annual,ITE1,Toscana,B1GQ_B_W2_S1,Gross domestic product at market prices,L_2020,Chain linked - reference year 2020,N,Raw data,2025M12,Dec-25,2018,121287
A,Annual,ITE1,Toscana,B1GQ_B_W2_S1,Gross domestic product at market prices,L_2020,Chain linked - reference year 2020,N,Raw data,2025M12,Dec-25,2019,124534.8
A,Annual,ITE1,Toscana,B1GQ_B_W2_S1,Gross domestic product at market prices,L_2020,Chain linked - reference year 2020,N,Raw data,2025M12,Dec-25,2020,108108.7
A,Annual,ITE1,Toscana,B1GQ_B_W2_S1,Gross domestic product at market prices,L_2020,Chain linked - reference year 2020,N,Raw data,2025M12,Dec-25,2021,118122.5
A,Annual,ITE1,Toscana,B1GQ_B_W2_S1,Gross domestic product at market prices,L_2020,Chain linked - reference year 2020,N,Raw data,2025M12,Dec-25,2022,125781.6
A,Annual,ITE1,Toscana,B1GQ_B_W2_S1,Gross domestic product at market prices,L_2020,Chain linked - reference year 2020,N,Raw data,2025M12,Dec-25,2023,126216.2
A,Annual,ITE1,Toscana,B1GQ_B_W2_S1,Gross domestic product at market prices,L_2020,Chain linked - reference year 2020,N,Raw data,2025M12,Dec-25,2024,126845.1
A,Annual,ITE2,Umbria,B1GQ_B_W2_S1,Gross domestic product at market prices,L_2020,Chain linked - reference year 2020,N,Raw data,2025M12,Dec-25,2010,24630
A,Annual,ITE2,Umbria,B1GQ_B_W2_S1,Gross domestic product at market prices,L_2020,Chain linked - reference year 2020,N,Raw data,2025M12,Dec-25,2011,24518.6
A,Annual,ITE2,Umbria,B1GQ_B_W2_S1,Gross domestic product at market prices,L_2020,Chain linked - reference year 2020,N,Raw data,2025M12,Dec-25,2012,23406.9
A,Annual,ITE2,Umbria,B1GQ_B_W2_S1,Gross domestic product at market prices,L_2020,Chain linked - reference year 2020,N,Raw data,2025M12,Dec-25,2013,22743.2
A,Annual,ITE2,Umbria,B1GQ_B_W2_S1,Gross domestic product at market prices,L_2020,Chain linked - reference year 2020,N,Raw data,2025M12,Dec-25,2014,22100
A,Annual,ITE2,Umbria,B1GQ_B_W2_S1,Gross domestic product at market prices,L_2020,Chain linked - reference year 2020,N,Raw data,2025M12,Dec-25,2015,22741.4
A,Annual,ITE2,Umbria,B1GQ_B_W2_S1,Gross domestic product at market prices,L_2020,Chain linked - reference year 2020,N,Raw data,2025M12,Dec-25,2016,22544.3
A,Annual,ITE2,Umbria,B1GQ_B_W2_S1,Gross domestic product at market prices,L_2020,Chain linked - reference year 2020,N,Raw data,2025M12,Dec-25,2017,22893.8
A,Annual,ITE2,Umbria,B1GQ_B_W2_S1,Gross domestic product at market prices,L_2020,Chain linked - reference year 2020,N,Raw data,2025M12,Dec-25,2018,23314.2
A,Annual,ITE2,Umbria,B1GQ_B_W2_S1,Gross domestic product at market prices,L_2020,Chain linked - reference year 2020,N,Raw data,2025M12,Dec-25,2019,23210
A,Annual,ITE2,Umbria,B1GQ_B_W2_S1,Gross domestic product at market prices,L_2020,Chain linked - reference year 2020,N,Raw data,2025M12,Dec-25,2020,20979.4
A,Annual,ITE2,Umbria,B1GQ_B_W2_S1,Gross domestic product at market prices,L_2020,Chain linked - reference year 2020,N,Raw data,2025M12,Dec-25,2021,22760.2
A,Annual,ITE2,Umbria,B1GQ_B_W2_S1,Gross domestic product at market prices,L_2020,Chain linked - reference year 2020,N,Raw data,2025M12,Dec-25,2022,23615
A,Annual,ITE2,Umbria,B1GQ_B_W2_S1,Gross domestic product at market prices,L_2020,Chain linked - reference year 2020,N,Raw data,2025M12,Dec-25,2023,24155.3
A,Annual,ITE2,Umbria,B1GQ_B_W2_S1,Gross domestic product at market prices,L_2020,Chain linked - reference year 2020,N,Raw data,2025M12,Dec-25,2024,24351.1
A,Annual,ITE3,Marche,B1GQ_B_W2_S1,Gross domestic product at market prices,L_2020,Chain linked - reference year 2020,N,Raw data,2025M12,Dec-25,2010,43939.3
A,Annual,ITE3,Marche,B1GQ_B_W2_S1,Gross domestic product at market prices,L_2020,Chain linked - reference year 2020,N,Raw data,2025M12,Dec-25,2011,43944.2
A,Annual,ITE3,Marche,B1GQ_B_W2_S1,Gross domestic product at market prices,L_2020,Chain linked - reference year 2020,N,Raw data,2025M12,Dec-25,2012,42311.6
A,Annual,ITE3,Marche,B1GQ_B_W2_S1,Gross domestic product at market prices,L_2020,Chain linked - reference year 2020,N,Raw data,2025M12,Dec-25,2013,41301.6
A,Annual,ITE3,Marche,B1GQ_B_W2_S1,Gross domestic product at market prices,L_2020,Chain linked - reference year 2020,N,Raw data,2025M12,Dec-25,2014,42002.6
A,Annual,ITE3,Marche,B1GQ_B_W2_S1,Gross domestic product at market prices,L_2020,Chain linked - reference year 2020,N,Raw data,2025M12,Dec-25,2015,41709.8
A,Annual,ITE3,Marche,B1GQ_B_W2_S1,Gross domestic product at market prices,L_2020,Chain linked - reference year 2020,N,Raw data,2025M12,Dec-25,2016,41939
A,Annual,ITE3,Marche,B1GQ_B_W2_S1,Gross domestic product at market prices,L_2020,Chain linked - reference year 2020,N,Raw data,2025M12,Dec-25,2017,42662.6
A,Annual,ITE3,Marche,B1GQ_B_W2_S1,Gross domestic product at market prices,L_2020,Chain linked - reference year 2020,N,Raw data,2025M12,Dec-25,2018,42873
A,Annual,ITE3,Marche,B1GQ_B_W2_S1,Gross domestic product at market prices,L_2020,Chain linked - reference year 2020,N,Raw data,2025M12,Dec-25,2019,43152.3
A,Annual,ITE3,Marche,B1GQ_B_W2_S1,Gross domestic product at market prices,L_2020,Chain linked - reference year 2020,N,Raw data,2025M12,Dec-25,2020,39248.7
A,Annual,ITE3,Marche,B1GQ_B_W2_S1,Gross domestic product at market prices,L_2020,Chain linked - reference year 2020,N,Raw data,2025M12,Dec-25,2021,42528.3
A,Annual,ITE3,Marche,B1GQ_B_W2_S1,Gross domestic product at market prices,L_2020,Chain linked - reference year 2020,N,Raw data,2025M12,Dec-25,2022,44340
A,Annual,ITE3,Marche,B1GQ_B_W2_S1,Gross domestic product at market prices,L_2020,Chain linked - reference year 2020,N,Raw data,2025M12,Dec-25,2023,44573.2
A,Annual,ITE3,Marche,B1GQ_B_W2_S1,Gross domestic product at market prices,L_2020,Chain linked - reference year 2020,N,Raw data,2025M12,Dec-25,2024,44553.2
A,Annual,ITE4,Lazio,B1GQ_B_W2_S1,Gross domestic product at market prices,L_2020,Chain linked - reference year 2020,N,Raw data,2025M12,Dec-25,2010,212737.6
A,Annual,ITE4,Lazio,B1GQ_B_W2_S1,Gross domestic product at market prices,L_2020,Chain linked - reference year 2020,N,Raw data,2025M12,Dec-25,2011,214601.4
A,Annual,ITE4,Lazio,B1GQ_B_W2_S1,Gross domestic product at market prices,L_2020,Chain linked - reference year 2020,N,Raw data,2025M12,Dec-25,2012,205355
A,Annual,ITE4,Lazio,B1GQ_B_W2_S1,Gross domestic product at market prices,L_2020,Chain linked - reference year 2020,N,Raw data,2025M12,Dec-25,2013,200781.4
A,Annual,ITE4,Lazio,B1GQ_B_W2_S1,Gross domestic product at market prices,L_2020,Chain linked - reference year 2020,N,Raw data,2025M12,Dec-25,2014,199392.9
A,Annual,ITE4,Lazio,B1GQ_B_W2_S1,Gross domestic product at market prices,L_2020,Chain linked - reference year 2020,N,Raw data,2025M12,Dec-25,2015,198911.9
A,Annual,ITE4,Lazio,B1GQ_B_W2_S1,Gross domestic product at market prices,L_2020,Chain linked - reference year 2020,N,Raw data,2025M12,Dec-25,2016,204716.7
A,Annual,ITE4,Lazio,B1GQ_B_W2_S1,Gross domestic product at market prices,L_2020,Chain linked - reference year 2020,N,Raw data,2025M12,Dec-25,2017,206412.1
A,Annual,ITE4,Lazio,B1GQ_B_W2_S1,Gross domestic product at market prices,L_2020,Chain linked - reference year 2020,N,Raw data,2025M12,Dec-25,2018,206865.6
A,Annual,ITE4,Lazio,B1GQ_B_W2_S1,Gross domestic product at market prices,L_2020,Chain linked - reference year 2020,N,Raw data,2025M12,Dec-25,2019,208455.9
A,Annual,ITE4,Lazio,B1GQ_B_W2_S1,Gross domestic product at market prices,L_2020,Chain linked - reference year 2020,N,Raw data,2025M12,Dec-25,2020,190931.9
A,Annual,ITE4,Lazio,B1GQ_B_W2_S1,Gross domestic product at market prices,L_2020,Chain linked - reference year 2020,N,Raw data,2025M12,Dec-25,2021,202107.1
A,Annual,ITE4,Lazio,B1GQ_B_W2_S1,Gross domestic product at market prices,L_2020,Chain linked - reference year 2020,N,Raw data,2025M12,Dec-25,2022,213681.9
A,Annual,ITE4,Lazio,B1GQ_B_W2_S1,Gross domestic product at market prices,L_2020,Chain linked - reference year 2020,N,Raw data,2025M12,Dec-25,2023,215719.9
A,Annual,ITE4,Lazio,B1GQ_B_W2_S1,Gross domestic product at market prices,L_2020,Chain linked - reference year 2020,N,Raw data,2025M12,Dec-25,2024,218267.9
A,Annual,ITF1,Abruzzo,B1GQ_B_W2_S1,Gross domestic product at market prices,L_2020,Chain linked - reference year 2020,N,Raw data,2025M12,Dec-25,2010,33952.7
A,Annual,ITF1,Abruzzo,B1GQ_B_W2_S1,Gross domestic product at market prices,L_2020,Chain linked - reference year 2020,N,Raw data,2025M12,Dec-25,2011,34778.9
A,Annual,ITF1,Abruzzo,B1GQ_B_W2_S1,Gross domestic product at market prices,L_2020,Chain linked - reference year 2020,N,Raw data,2025M12,Dec-25,2012,34165.9
A,Annual,ITF1,Abruzzo,B1GQ_B_W2_S1,Gross domestic product at market prices,L_2020,Chain linked - reference year 2020,N,Raw data,2025M12,Dec-25,2013,33349.6
A,Annual,ITF1,Abruzzo,B1GQ_B_W2_S1,Gross domestic product at market prices,L_2020,Chain linked - reference year 2020,N,Raw data,2025M12,Dec-25,2014,32913.6
A,Annual,ITF1,Abruzzo,B1GQ_B_W2_S1,Gross domestic product at market prices,L_2020,Chain linked - reference year 2020,N,Raw data,2025M12,Dec-25,2015,33008.8
A,Annual,ITF1,Abruzzo,B1GQ_B_W2_S1,Gross domestic product at market prices,L_2020,Chain linked - reference year 2020,N,Raw data,2025M12,Dec-25,2016,33192.3
A,Annual,ITF1,Abruzzo,B1GQ_B_W2_S1,Gross domestic product at market prices,L_2020,Chain linked - reference year 2020,N,Raw data,2025M12,Dec-25,2017,33325.6
A,Annual,ITF1,Abruzzo,B1GQ_B_W2_S1,Gross domestic product at market prices,L_2020,Chain linked - reference year 2020,N,Raw data,2025M12,Dec-25,2018,33208.1
A,Annual,ITF1,Abruzzo,B1GQ_B_W2_S1,Gross domestic product at market prices,L_2020,Chain linked - reference year 2020,N,Raw data,2025M12,Dec-25,2019,33412.1
A,Annual,ITF1,Abruzzo,B1GQ_B_W2_S1,Gross domestic product at market prices,L_2020,Chain linked - reference year 2020,N,Raw data,2025M12,Dec-25,2020,30550.3
A,Annual,ITF1,Abruzzo,B1GQ_B_W2_S1,Gross domestic product at market prices,L_2020,Chain linked - reference year 2020,N,Raw data,2025M12,Dec-25,2021,33100.8
A,Annual,ITF1,Abruzzo,B1GQ_B_W2_S1,Gross domestic product at market prices,L_2020,Chain linked - reference year 2020,N,Raw data,2025M12,Dec-25,2022,34957.6
A,Annual,ITF1,Abruzzo,B1GQ_B_W2_S1,Gross domestic product at market prices,L_2020,Chain linked - reference year 2020,N,Raw data,2025M12,Dec-25,2023,35704.8
A,Annual,ITF1,Abruzzo,B1GQ_B_W2_S1,Gross domestic product at market prices,L_2020,Chain linked - reference year 2020,N,Raw data,2025M12,Dec-25,2024,35955
A,Annual,ITF2,Molise,B1GQ_B_W2_S1,Gross domestic product at market prices,L_2020,Chain linked - reference year 2020,N,Raw data,2025M12,Dec-25,2010,7306.2
A,Annual,ITF2,Molise,B1GQ_B_W2_S1,Gross domestic product at market prices,L_2020,Chain linked - reference year 2020,N,Raw data,2025M12,Dec-25,2011,7191.9
A,Annual,ITF2,Molise,B1GQ_B_W2_S1,Gross domestic product at market prices,L_2020,Chain linked - reference year 2020,N,Raw data,2025M12,Dec-25,2012,6901.4
A,Annual,ITF2,Molise,B1GQ_B_W2_S1,Gross domestic product at market prices,L_2020,Chain linked - reference year 2020,N,Raw data,2025M12,Dec-25,2013,6427.9
A,Annual,ITF2,Molise,B1GQ_B_W2_S1,Gross domestic product at market prices,L_2020,Chain linked - reference year 2020,N,Raw data,2025M12,Dec-25,2014,6362.9
A,Annual,ITF2,Molise,B1GQ_B_W2_S1,Gross domestic product at market prices,L_2020,Chain linked - reference year 2020,N,Raw data,2025M12,Dec-25,2015,6488.2
A,Annual,ITF2,Molise,B1GQ_B_W2_S1,Gross domestic product at market prices,L_2020,Chain linked - reference year 2020,N,Raw data,2025M12,Dec-25,2016,6555.5
A,Annual,ITF2,Molise,B1GQ_B_W2_S1,Gross domestic product at market prices,L_2020,Chain linked - reference year 2020,N,Raw data,2025M12,Dec-25,2017,6677.4
A,Annual,ITF2,Molise,B1GQ_B_W2_S1,Gross domestic product at market prices,L_2020,Chain linked - reference year 2020,N,Raw data,2025M12,Dec-25,2018,6776.7
A,Annual,ITF2,Molise,B1GQ_B_W2_S1,Gross domestic product at market prices,L_2020,Chain linked - reference year 2020,N,Raw data,2025M12,Dec-25,2019,6857.7
A,Annual,ITF2,Molise,B1GQ_B_W2_S1,Gross domestic product at market prices,L_2020,Chain linked - reference year 2020,N,Raw data,2025M12,Dec-25,2020,6237
A,Annual,ITF2,Molise,B1GQ_B_W2_S1,Gross domestic product at market prices,L_2020,Chain linked - reference year 2020,N,Raw data,2025M12,Dec-25,2021,6703
A,Annual,ITF2,Molise,B1GQ_B_W2_S1,Gross domestic product at market prices,L_2020,Chain linked - reference year 2020,N,Raw data,2025M12,Dec-25,2022,6924.5
A,Annual,ITF2,Molise,B1GQ_B_W2_S1,Gross domestic product at market prices,L_2020,Chain linked - reference year 2020,N,Raw data,2025M12,Dec-25,2023,7098.4
A,Annual,ITF2,Molise,B1GQ_B_W2_S1,Gross domestic product at market prices,L_2020,Chain linked - reference year 2020,N,Raw data,2025M12,Dec-25,2024,7023.2
A,Annual,ITF3,Campania,B1GQ_B_W2_S1,Gross domestic product at market prices,L_2020,Chain linked - reference year 2020,N,Raw data,2025M12,Dec-25,2010,115718.7
A,Annual,ITF3,Campania,B1GQ_B_W2_S1,Gross domestic product at market prices,L_2020,Chain linked - reference year 2020,N,Raw data,2025M12,Dec-25,2011,114190.1
A,Annual,ITF3,Campania,B1GQ_B_W2_S1,Gross domestic product at market prices,L_2020,Chain linked - reference year 2020,N,Raw data,2025M12,Dec-25,2012,111334.2
A,Annual,ITF3,Campania,B1GQ_B_W2_S1,Gross domestic product at market prices,L_2020,Chain linked - reference year 2020,N,Raw data,2025M12,Dec-25,2013,108119.3
A,Annual,ITF3,Campania,B1GQ_B_W2_S1,Gross domestic product at market prices,L_2020,Chain linked - reference year 2020,N,Raw data,2025M12,Dec-25,2014,108137.6
A,Annual,ITF3,Campania,B1GQ_B_W2_S1,Gross domestic product at market prices,L_2020,Chain linked - reference year 2020,N,Raw data,2025M12,Dec-25,2015,110075.3
A,Annual,ITF3,Campania,B1GQ_B_W2_S1,Gross domestic product at market prices,L_2020,Chain linked - reference year 2020,N,Raw data,2025M12,Dec-25,2016,110406.9
A,Annual,ITF3,Campania,B1GQ_B_W2_S1,Gross domestic product at market prices,L_2020,Chain linked - reference year 2020,N,Raw data,2025M12,Dec-25,2017,111570.7
A,Annual,ITF3,Campania,B1GQ_B_W2_S1,Gross domestic product at market prices,L_2020,Chain linked - reference year 2020,N,Raw data,2025M12,Dec-25,2018,111959
A,Annual,ITF3,Campania,B1GQ_B_W2_S1,Gross domestic product at market prices,L_2020,Chain linked - reference year 2020,N,Raw data,2025M12,Dec-25,2019,112784.7
A,Annual,ITF3,Campania,B1GQ_B_W2_S1,Gross domestic product at market prices,L_2020,Chain linked - reference year 2020,N,Raw data,2025M12,Dec-25,2020,102472.9
A,Annual,ITF3,Campania,B1GQ_B_W2_S1,Gross domestic product at market prices,L_2020,Chain linked - reference year 2020,N,Raw data,2025M12,Dec-25,2021,110887.1
A,Annual,ITF3,Campania,B1GQ_B_W2_S1,Gross domestic product at market prices,L_2020,Chain linked - reference year 2020,N,Raw data,2025M12,Dec-25,2022,117968
A,Annual,ITF3,Campania,B1GQ_B_W2_S1,Gross domestic product at market prices,L_2020,Chain linked - reference year 2020,N,Raw data,2025M12,Dec-25,2023,121302.3
A,Annual,ITF3,Campania,B1GQ_B_W2_S1,Gross domestic product at market prices,L_2020,Chain linked - reference year 2020,N,Raw data,2025M12,Dec-25,2024,122245.2
A,Annual,ITF4,Puglia,B1GQ_B_W2_S1,Gross domestic product at market prices,L_2020,Chain linked - reference year 2020,N,Raw data,2025M12,Dec-25,2010,78538.6
A,Annual,ITF4,Puglia,B1GQ_B_W2_S1,Gross domestic product at market prices,L_2020,Chain linked - reference year 2020,N,Raw data,2025M12,Dec-25,2011,78759.3
A,Annual,ITF4,Puglia,B1GQ_B_W2_S1,Gross domestic product at market prices,L_2020,Chain linked - reference year 2020,N,Raw data,2025M12,Dec-25,2012,77659.2
A,Annual,ITF4,Puglia,B1GQ_B_W2_S1,Gross domestic product at market prices,L_2020,Chain linked - reference year 2020,N,Raw data,2025M12,Dec-25,2013,74995.1
A,Annual,ITF4,Puglia,B1GQ_B_W2_S1,Gross domestic product at market prices,L_2020,Chain linked - reference year 2020,N,Raw data,2025M12,Dec-25,2014,75173.8
A,Annual,ITF4,Puglia,B1GQ_B_W2_S1,Gross domestic product at market prices,L_2020,Chain linked - reference year 2020,N,Raw data,2025M12,Dec-25,2015,76092
A,Annual,ITF4,Puglia,B1GQ_B_W2_S1,Gross domestic product at market prices,L_2020,Chain linked - reference year 2020,N,Raw data,2025M12,Dec-25,2016,76539.6
A,Annual,ITF4,Puglia,B1GQ_B_W2_S1,Gross domestic product at market prices,L_2020,Chain linked - reference year 2020,N,Raw data,2025M12,Dec-25,2017,76853.9
A,Annual,ITF4,Puglia,B1GQ_B_W2_S1,Gross domestic product at market prices,L_2020,Chain linked - reference year 2020,N,Raw data,2025M12,Dec-25,2018,77371.5
A,Annual,ITF4,Puglia,B1GQ_B_W2_S1,Gross domestic product at market prices,L_2020,Chain linked - reference year 2020,N,Raw data,2025M12,Dec-25,2019,77445.5
A,Annual,ITF4,Puglia,B1GQ_B_W2_S1,Gross domestic product at market prices,L_2020,Chain linked - reference year 2020,N,Raw data,2025M12,Dec-25,2020,71840.6
A,Annual,ITF4,Puglia,B1GQ_B_W2_S1,Gross domestic product at market prices,L_2020,Chain linked - reference year 2020,N,Raw data,2025M12,Dec-25,2021,78263.9
A,Annual,ITF4,Puglia,B1GQ_B_W2_S1,Gross domestic product at market prices,L_2020,Chain linked - reference year 2020,N,Raw data,2025M12,Dec-25,2022,82594
A,Annual,ITF4,Puglia,B1GQ_B_W2_S1,Gross domestic product at market prices,L_2020,Chain linked - reference year 2020,N,Raw data,2025M12,Dec-25,2023,83276.5
A,Annual,ITF4,Puglia,B1GQ_B_W2_S1,Gross domestic product at market prices,L_2020,Chain linked - reference year 2020,N,Raw data,2025M12,Dec-25,2024,83169.3
A,Annual,ITF5,Basilicata,B1GQ_B_W2_S1,Gross domestic product at market prices,L_2020,Chain linked - reference year 2020,N,Raw data,2025M12,Dec-25,2010,11095
A,Annual,ITF5,Basilicata,B1GQ_B_W2_S1,Gross domestic product at market prices,L_2020,Chain linked - reference year 2020,N,Raw data,2025M12,Dec-25,2011,11293.6
A,Annual,ITF5,Basilicata,B1GQ_B_W2_S1,Gross domestic product at market prices,L_2020,Chain linked - reference year 2020,N,Raw data,2025M12,Dec-25,2012,10972.6
A,Annual,ITF5,Basilicata,B1GQ_B_W2_S1,Gross domestic product at market prices,L_2020,Chain linked - reference year 2020,N,Raw data,2025M12,Dec-25,2013,11167.9
A,Annual,ITF5,Basilicata,B1GQ_B_W2_S1,Gross domestic product at market prices,L_2020,Chain linked - reference year 2020,N,Raw data,2025M12,Dec-25,2014,11009.5
A,Annual,ITF5,Basilicata,B1GQ_B_W2_S1,Gross domestic product at market prices,L_2020,Chain linked - reference year 2020,N,Raw data,2025M12,Dec-25,2015,11997.1
A,Annual,ITF5,Basilicata,B1GQ_B_W2_S1,Gross domestic product at market prices,L_2020,Chain linked - reference year 2020,N,Raw data,2025M12,Dec-25,2016,12391.1
A,Annual,ITF5,Basilicata,B1GQ_B_W2_S1,Gross domestic product at market prices,L_2020,Chain linked - reference year 2020,N,Raw data,2025M12,Dec-25,2017,12410.8
A,Annual,ITF5,Basilicata,B1GQ_B_W2_S1,Gross domestic product at market prices,L_2020,Chain linked - reference year 2020,N,Raw data,2025M12,Dec-25,2018,12712.9
A,Annual,ITF5,Basilicata,B1GQ_B_W2_S1,Gross domestic product at market prices,L_2020,Chain linked - reference year 2020,N,Raw data,2025M12,Dec-25,2019,12504
A,Annual,ITF5,Basilicata,B1GQ_B_W2_S1,Gross domestic product at market prices,L_2020,Chain linked - reference year 2020,N,Raw data,2025M12,Dec-25,2020,11304.4
A,Annual,ITF5,Basilicata,B1GQ_B_W2_S1,Gross domestic product at market prices,L_2020,Chain linked - reference year 2020,N,Raw data,2025M12,Dec-25,2021,12450.9
A,Annual,ITF5,Basilicata,B1GQ_B_W2_S1,Gross domestic product at market prices,L_2020,Chain linked - reference year 2020,N,Raw data,2025M12,Dec-25,2022,12583.4
A,Annual,ITF5,Basilicata,B1GQ_B_W2_S1,Gross domestic product at market prices,L_2020,Chain linked - reference year 2020,N,Raw data,2025M12,Dec-25,2023,12715.5
A,Annual,ITF5,Basilicata,B1GQ_B_W2_S1,Gross domestic product at market prices,L_2020,Chain linked - reference year 2020,N,Raw data,2025M12,Dec-25,2024,12841.6
A,Annual,ITF6,Calabria,B1GQ_B_W2_S1,Gross domestic product at market prices,L_2020,Chain linked - reference year 2020,N,Raw data,2025M12,Dec-25,2010,37420.6
A,Annual,ITF6,Calabria,B1GQ_B_W2_S1,Gross domestic product at market prices,L_2020,Chain linked - reference year 2020,N,Raw data,2025M12,Dec-25,2011,37064.8
A,Annual,ITF6,Calabria,B1GQ_B_W2_S1,Gross domestic product at market prices,L_2020,Chain linked - reference year 2020,N,Raw data,2025M12,Dec-25,2012,35562.3
A,Annual,ITF6,Calabria,B1GQ_B_W2_S1,Gross domestic product at market prices,L_2020,Chain linked - reference year 2020,N,Raw data,2025M12,Dec-25,2013,34382
A,Annual,ITF6,Calabria,B1GQ_B_W2_S1,Gross domestic product at market prices,L_2020,Chain linked - reference year 2020,N,Raw data,2025M12,Dec-25,2014,34017
A,Annual,ITF6,Calabria,B1GQ_B_W2_S1,Gross domestic product at market prices,L_2020,Chain linked - reference year 2020,N,Raw data,2025M12,Dec-25,2015,34633.1
A,Annual,ITF6,Calabria,B1GQ_B_W2_S1,Gross domestic product at market prices,L_2020,Chain linked - reference year 2020,N,Raw data,2025M12,Dec-25,2016,34368.2
A,Annual,ITF6,Calabria,B1GQ_B_W2_S1,Gross domestic product at market prices,L_2020,Chain linked - reference year 2020,N,Raw data,2025M12,Dec-25,2017,34517.7
A,Annual,ITF6,Calabria,B1GQ_B_W2_S1,Gross domestic product at market prices,L_2020,Chain linked - reference year 2020,N,Raw data,2025M12,Dec-25,2018,34143.4
A,Annual,ITF6,Calabria,B1GQ_B_W2_S1,Gross domestic product at market prices,L_2020,Chain linked - reference year 2020,N,Raw data,2025M12,Dec-25,2019,34070.3
A,Annual,ITF6,Calabria,B1GQ_B_W2_S1,Gross domestic product at market prices,L_2020,Chain linked - reference year 2020,N,Raw data,2025M12,Dec-25,2020,31143.4
A,Annual,ITF6,Calabria,B1GQ_B_W2_S1,Gross domestic product at market prices,L_2020,Chain linked - reference year 2020,N,Raw data,2025M12,Dec-25,2021,33616.7
A,Annual,ITF6,Calabria,B1GQ_B_W2_S1,Gross domestic product at market prices,L_2020,Chain linked - reference year 2020,N,Raw data,2025M12,Dec-25,2022,34862.8
A,Annual,ITF6,Calabria,B1GQ_B_W2_S1,Gross domestic product at market prices,L_2020,Chain linked - reference year 2020,N,Raw data,2025M12,Dec-25,2023,35277.4
A,Annual,ITF6,Calabria,B1GQ_B_W2_S1,Gross domestic product at market prices,L_2020,Chain linked - reference year 2020,N,Raw data,2025M12,Dec-25,2024,35084.6
A,Annual,ITG1,Sicilia,B1GQ_B_W2_S1,Gross domestic product at market prices,L_2020,Chain linked - reference year 2020,N,Raw data,2025M12,Dec-25,2010,99154.3
A,Annual,ITG1,Sicilia,B1GQ_B_W2_S1,Gross domestic product at market prices,L_2020,Chain linked - reference year 2020,N,Raw data,2025M12,Dec-25,2011,97567.1
A,Annual,ITG1,Sicilia,B1GQ_B_W2_S1,Gross domestic product at market prices,L_2020,Chain linked - reference year 2020,N,Raw data,2025M12,Dec-25,2012,95159.2
A,Annual,ITG1,Sicilia,B1GQ_B_W2_S1,Gross domestic product at market prices,L_2020,Chain linked - reference year 2020,N,Raw data,2025M12,Dec-25,2013,93262.4
A,Annual,ITG1,Sicilia,B1GQ_B_W2_S1,Gross domestic product at market prices,L_2020,Chain linked - reference year 2020,N,Raw data,2025M12,Dec-25,2014,90995.4
A,Annual,ITG1,Sicilia,B1GQ_B_W2_S1,Gross domestic product at market prices,L_2020,Chain linked - reference year 2020,N,Raw data,2025M12,Dec-25,2015,91736.6
A,Annual,ITG1,Sicilia,B1GQ_B_W2_S1,Gross domestic product at market prices,L_2020,Chain linked - reference year 2020,N,Raw data,2025M12,Dec-25,2016,91832.7
A,Annual,ITG1,Sicilia,B1GQ_B_W2_S1,Gross domestic product at market prices,L_2020,Chain linked - reference year 2020,N,Raw data,2025M12,Dec-25,2017,92235.9
A,Annual,ITG1,Sicilia,B1GQ_B_W2_S1,Gross domestic product at market prices,L_2020,Chain linked - reference year 2020,N,Raw data,2025M12,Dec-25,2018,91219.7
A,Annual,ITG1,Sicilia,B1GQ_B_W2_S1,Gross domestic product at market prices,L_2020,Chain linked - reference year 2020,N,Raw data,2025M12,Dec-25,2019,91204.6
A,Annual,ITG1,Sicilia,B1GQ_B_W2_S1,Gross domestic product at market prices,L_2020,Chain linked - reference year 2020,N,Raw data,2025M12,Dec-25,2020,83567.8
A,Annual,ITG1,Sicilia,B1GQ_B_W2_S1,Gross domestic product at market prices,L_2020,Chain linked - reference year 2020,N,Raw data,2025M12,Dec-25,2021,90649.5
A,Annual,ITG1,Sicilia,B1GQ_B_W2_S1,Gross domestic product at market prices,L_2020,Chain linked - reference year 2020,N,Raw data,2025M12,Dec-25,2022,97722.3
A,Annual,ITG1,Sicilia,B1GQ_B_W2_S1,Gross domestic product at market prices,L_2020,Chain linked - reference year 2020,N,Raw data,2025M12,Dec-25,2023,97887.1
A,Annual,ITG1,Sicilia,B1GQ_B_W2_S1,Gross domestic product at market prices,L_2020,Chain linked - reference year 2020,N,Raw data,2025M12,Dec-25,2024,99648.8
A,Annual,ITG2,Sardegna,B1GQ_B_W2_S1,Gross domestic product at market prices,L_2020,Chain linked - reference year 2020,N,Raw data,2025M12,Dec-25,2010,36603.9
A,Annual,ITG2,Sardegna,B1GQ_B_W2_S1,Gross domestic product at market prices,L_2020,Chain linked - reference year 2020,N,Raw data,2025M12,Dec-25,2011,36627.1
A,Annual,ITG2,Sardegna,B1GQ_B_W2_S1,Gross domestic product at market prices,L_2020,Chain linked - reference year 2020,N,Raw data,2025M12,Dec-25,2012,36162.2
A,Annual,ITG2,Sardegna,B1GQ_B_W2_S1,Gross domestic product at market prices,L_2020,Chain linked - reference year 2020,N,Raw data,2025M12,Dec-25,2013,35059.5
A,Annual,ITG2,Sardegna,B1GQ_B_W2_S1,Gross domestic product at market prices,L_2020,Chain linked - reference year 2020,N,Raw data,2025M12,Dec-25,2014,34854.7
A,Annual,ITG2,Sardegna,B1GQ_B_W2_S1,Gross domestic product at market prices,L_2020,Chain linked - reference year 2020,N,Raw data,2025M12,Dec-25,2015,35842.4
A,Annual,ITG2,Sardegna,B1GQ_B_W2_S1,Gross domestic product at market prices,L_2020,Chain linked - reference year 2020,N,Raw data,2025M12,Dec-25,2016,34951.5
A,Annual,ITG2,Sardegna,B1GQ_B_W2_S1,Gross domestic product at market prices,L_2020,Chain linked - reference year 2020,N,Raw data,2025M12,Dec-25,2017,35146.6
A,Annual,ITG2,Sardegna,B1GQ_B_W2_S1,Gross domestic product at market prices,L_2020,Chain linked - reference year 2020,N,Raw data,2025M12,Dec-25,2018,35194.5
A,Annual,ITG2,Sardegna,B1GQ_B_W2_S1,Gross domestic product at market prices,L_2020,Chain linked - reference year 2020,N,Raw data,2025M12,Dec-25,2019,35573.1
A,Annual,ITG2,Sardegna,B1GQ_B_W2_S1,Gross domestic product at market prices,L_2020,Chain linked - reference year 2020,N,Raw data,2025M12,Dec-25,2020,32335.6
A,Annual,ITG2,Sardegna,B1GQ_B_W2_S1,Gross domestic product at market prices,L_2020,Chain linked - reference year 2020,N,Raw data,2025M12,Dec-25,2021,35084.2
A,Annual,ITG2,Sardegna,B1GQ_B_W2_S1,Gross domestic product at market prices,L_2020,Chain linked - reference year 2020,N,Raw data,2025M12,Dec-25,2022,37266.9
A,Annual,ITG2,Sardegna,B1GQ_B_W2_S1,Gross domestic product at market prices,L_2020,Chain linked - reference year 2020,N,Raw data,2025M12,Dec-25,2023,38402.8
A,Annual,ITG2,Sardegna,B1GQ_B_W2_S1,Gross domestic product at market prices,L_2020,Chain linked - reference year 2020,N,Raw data,2025M12,Dec-25,2024,38888.6
