reg_name,elev_mean,elev_median,elev_std,elev_range,elev_iqr,elev_p25,elev_p75,slope_mean,slope_std,slope_max,slope_p95,rugged_score,precip_sum_mm,rain_sum_mm,snowfall_sum_cm,precip_hours_hr,temp_mean_c,temp_min_c,temp_max_c,wind_speed10m_max_ms,wind_gust10m_max_ms,shortwave_rad_sum_MJm2,sunshine_duration_s,cloud_cover_mean_pct,latitude,longitude,Buses or trolley-buses per capita (vehicles),Motor cars per capita (vehicles),Motor units per capita (vehicles),Motorcycles per capita (vehicles),Other vehicles per capita (vehicles),Three-wheelers or motor-vans per capita (vehicles),Total vehicles per capita (fleet),Trailers per capita (vehicles),Trucks per capita (vehicles)
Piemonte,805.0305696992685,431.0,753.7689924256526,4517.0,1632.0,251.0,1883.0,14.607297216313768,13.365282041079476,86.40047454833984,42.192936,73.14257925739324,1354.7,1346.7,5.6000000000000005,1599.0,13.080601092896174,-5.6,33.0,28.2,53.3,4850.049999999999,10570150.38,61.37431693989071,45.02636,7.9658384,0.0012851563,0.7232913172000001,0.0033817674,0.1227463018,2.3520000000000001e-07,0.0048870749,0.9646937181,0.0069401732,0.1021616921
Valle d'Aosta / Vallée d'Aoste,2103.3100077010195,2179.0,709.3541477063598,4500.0,996.0,1675.0,2671.0,27.0741945411423,12.56365071370378,83.26641082763672,49.122356,84.63784525484608,2066.7,1313.9,527.38,2204.0,13.4948087431694,-8.5,35.2,15.1,95.0,5286.049999999999,11257343.9,61.93715846994535,45.729347,7.3817034,0.0020915224,1.9300764179,0.0020915224,0.1477737901,0.0,0.029265037400000003,2.6349845781,0.005151493,0.518534795
Lombardia,615.7199001422097,206.0,771.7061705837745,3964.0,1234.0,83.0,1317.0,11.961572845656743,13.694113696922711,87.93075561523438,40.074085,65.29568654257946,1847.7,1844.0,2.59,1733.0,13.73032786885246,-4.9,33.5,37.5,68.0,4836.67,10890507.01,58.13387978142077,45.58875,9.764151,0.0010850920000000002,0.6418589033000001,0.0033294866,0.12339625820000001,1.998e-07,0.0028147072,0.8557110259,0.0068754124,0.0763509665
Trentino Alto Adige / Südtirol,1593.7986898650656,1607.0,680.2941401936735,3819.0,1195.0,912.0,2107.0,24.157185968299373,12.438239205798968,88.21217346191406,45.48828,74.78542517409834,1126.9,1022.2,73.28999999999999,1516.0,12.411748633879782,-9.7,33.6,14.9,59.0,5066.049999999999,11521484.89,59.53278688524591,46.432335,11.25,0.0023182741,1.1926162508,0.008235876500000001,0.1304837342,0.0,0.0076041238,1.5627143942,0.0174027572,0.2040533776
Veneto,400.6898733101875,41.0,624.2536627908758,3275.0,1121.0,4.0,1125.0,9.29540519184824,12.5704546341414,88.2170639038086,39.20374,54.61585982598964,1628.0,1622.3,3.99,1399.0,14.470765027322404,-4.8,35.5,38.7,72.0,4936.1,11386790.84,59.833333333333336,45.65905,11.905513,0.0014121383,0.6806683791,0.004964948,0.1147650888,0.0,0.0024199252,0.906350418,0.010019133500000001,0.0921008051
Friuli-Venezia Giulia,553.9443563498022,252.0,590.8253724100431,2771.0,1022.0,22.0,1044.0,14.553059511264737,15.121569680055757,86.91693878173828,42.60079,57.38462919132049,1877.9,1871.3,4.619999999999999,1637.0,13.48825136612022,-5.4,34.5,31.7,68.4,4724.85,10704163.99,60.77322404371585,46.151142,13.041401,0.0014724397,0.6938874082,0.0034688971000000003,0.1355866655,0.0,0.0039025093000000003,0.9339444642,0.0075706336,0.0880559109
Liguria,533.3238275062846,489.0,346.95442579805,2187.0,1087.0,-468.0,619.0,19.895803493904417,9.193713319641974,80.0939712524414,31.940039,50.95951681354639,1336.2999999999995,1336.2999999999995,0.0,1361.0,18.266393442622952,7.1,31.7,65.5,90.4,5240.6,11653102.4,54.86065573770492,44.253075,8.656488,0.0016499463000000001,0.5632996276000001,0.0022695045,0.2892601084,6.626e-07,0.0094967995,0.9427342725000001,0.0046079224000000005,0.0721497012
Emilia-Romagna,295.5804120368731,108.0,363.6445282117833,2184.0,459.0,1.0,460.0,8.19926422138417,8.515066835453156,75.19743347167969,27.742819,38.55433105683733,1156.4,1149.1,5.109999999999999,1251.0,14.53934426229508,-3.5,35.3,32.4,63.4,5131.65,11434205.510000002,54.31147540983606,44.534267,11.059908,0.0014164618,0.6924692123,0.0041891868,0.1335133149,4.492e-07,0.0029265906,0.9439095962,0.0084006111,0.1009937695
Toscana,358.237053297375,283.0,306.26573409904915,2101.0,456.0,-31.0,425.0,11.548519631406323,8.801012633408066,82.31938171386719,25.965794,41.35953226481439,945.8,945.3,0.35,1234.0,16.08306010928962,-3.0,39.4,32.6,74.9,5497.6,11796821.08,51.48087431693989,43.479786,11.08108,0.0016871874,0.7438556712000001,0.0023608603,0.1658492076,0.0,0.0073300861,1.0281557589,0.0054177947,0.1016549516
Umbria,493.0682161681842,421.0,289.52989470817863,2385.0,405.0,295.0,700.0,12.309172025556569,8.817384075863083,80.82672882080078,31.108852,44.97655610141965,951.9,950.5,0.98,1161.0,13.96311475409836,-5.7,37.8,38.0,80.3,5646.82,12405826.32,54.90710382513661,42.987698,12.43685,0.0017091252,0.7727437906,0.0050500077,0.1236759555,1.1722e-06,0.0081728537,1.0215012168,0.0105454665,0.0996028453
Marche,397.1687760822661,307.0,346.2927091643425,2517.0,457.0,84.0,541.0,12.976617394004018,9.130990649115065,82.23377990722656,29.178677,47.27760804311908,992.1,961.3,21.56,1374.0,14.859836065573768,-2.2,37.2,47.7,113.4,5492.02,11929440.33,53.57103825136612,43.33919,13.203592,0.0019038999,0.7173635943000001,0.003097631,0.1539926596,0.0,0.0044188283,0.9868284925,0.0067799879,0.0992718915
Lazio,397.5093485763071,271.0,394.903466085772,2635.0,748.0,-231.0,517.0,10.415816351499844,9.365913655946857,81.5140609741211,28.260187,46.1317300074467,957.4,957.4,0.0,1083.0,16.83743169398907,-2.1,39.6,33.2,64.8,5869.370000000001,12795145.39,43.14207650273224,42.003513,12.707423,0.0021462025,0.7000443589,0.0028202483,0.12536167410000001,1.7500000000000002e-07,0.0037383995,0.9139265182,0.0051783588,0.07463710100000001
Abruzzo,795.9131789867297,733.0,554.1794864832154,2892.0,958.0,112.0,1070.0,14.36407667269743,9.80526771344916,79.69277954101562,31.822525,53.08934438614659,964.9,832.0,93.03,1239.0,12.97103825136612,-8.8,37.3,22.2,127.4,5829.719999999999,12657849.63,49.65846994535519,42.14411,13.927008,0.0024929681,0.7274488784,0.0042502546,0.127207537,7.877e-07,0.0062517181,0.9846530836,0.0088833157,0.10811762400000001
Molise,574.4072680292862,569.0,332.55821868445383,2165.0,529.0,324.0,853.0,10.971951381945496,7.203103927734885,76.59723663330078,27.923609,39.82505530968038,762.9,703.2,41.79,1128.0,13.539071038251366,-6.8,38.0,40.9,99.0,5795.15,12435212.74,53.17486338797814,41.722317,14.587553,0.0039070063,0.7634739856,0.0059365751,0.12241031170000001,0.0,0.009193566200000001,1.0558321578,0.0110191409,0.1398915719
Campania,435.9859129933496,389.0,347.5971074468167,1956.0,684.0,-134.0,550.0,11.67355431267748,9.747934008152258,81.46595764160156,27.419016,40.98148832082974,980.9,955.0,18.200000000000003,1685.0,15.313387978142076,-0.0,36.2,38.6,97.9,5755.08,12386021.04,52.22950819672131,40.878735,14.85064,0.0020064692,0.6659345009000001,0.0055935870000000006,0.12505823300000002,5.363000000000001e-07,0.0067260694000000005,0.8909298798,0.010738471500000001,0.0748720125
Puglia,204.5419980677985,131.0,192.7138407432102,1259.0,787.0,-521.0,266.0,3.755667024102211,4.493664337077927,72.57489776611328,18.877531,20.839331361180136,554.4,536.4,12.6,928.0,16.88169398907104,1.2,37.8,40.8,81.7,5998.13,12974052.16,42.387978142076506,40.94903,16.666668,0.0020030015,0.6465631418000001,0.0034901524,0.0947425129,2.5700000000000004e-07,0.0077413581,0.8400181871,0.0068453664000000004,0.0786323969
Basilicata,561.6585084946834,523.0,346.8927697755519,2252.0,473.0,238.0,711.0,11.397481398344388,7.871663532820636,81.8207015991211,26.783882,41.78914493116503,742.8,696.9,32.129999999999995,1196.0,11.860928961748636,-7.2,34.4,35.9,82.4,6009.33,12601826.760000002,48.21311475409836,40.52724,16.016949,0.0037507056,0.7338349277,0.0057629592,0.0847771987,0.0,0.007447026000000001,0.9626129666000001,0.0113440091,0.1156961403
Calabria,523.4209528254208,406.0,431.7439195943523,2486.0,1102.0,-672.0,430.0,14.258231775476146,9.77852753851961,81.5250244140625,28.011532,48.89675931399576,1114.5,1102.6,8.33,1681.0,13.083879781420764,-3.6,33.6,32.1,99.4,6254.710000000001,12875976.069999998,47.82786885245902,39.121265,16.318682,0.0027336492,0.7486881094000001,0.0043854783000000005,0.0934319536,0.0,0.0134604758,0.9733428407,0.0073666027000000005,0.10327657180000001
Sicilia,427.2002078673151,366.0,338.5337263701356,3706.0,857.0,-896.0,-39.0,10.550321376790148,8.180985451448892,84.89920806884766,16.945662,55.79130682823904,488.1,488.1,0.0,756.0,16.65737704918033,-1.2,40.0,38.7,73.4,6535.25,13277396.03,42.71311475409836,37.57469,14.16,0.0016540351000000001,0.731278814,0.0036728542,0.1591431869,6.253000000000001e-07,0.008451942,1.0057898523,0.0088013009,0.0927870939
Sardegna,338.7861716066404,282.0,276.30363334662115,1870.0,412.0,-60.0,352.0,10.564882733479704,8.863283993941232,80.65484619140625,24.99385,38.12816672742093,888.3,877.8,7.349999999999999,1431.0,14.140437158469943,-1.5,36.3,33.1,78.1,6271.110000000001,13005574.98,44.77049180327869,40.03515,9.062938,0.0023840255000000003,0.7149695024,0.0035263711,0.0948910919,6.368e-07,0.0090018612,0.9480850430000001,0.010450487900000001,0.1128610662
